<?xml version="1.0" encoding="UTF-8"?>
<project-private xmlns="http://www.netbeans.org/ns/project-private/1">
    <editor-bookmarks xmlns="http://www.netbeans.org/ns/editor-bookmarks/2" lastBookmarkId="0"/>
    <open-files xmlns="http://www.netbeans.org/ns/projectui-open-files/2">
        <group>
            <file>file:/C:/Users/chai_/Google%20Drive/1_2559/OOP/ProjectOOP/src/Billing.java</file>
            <file>file:/C:/Users/chai_/Google%20Drive/1_2559/OOP/ProjectOOP/src/Product_Update.java</file>
            <file>file:/C:/Users/chai_/Google%20Drive/1_2559/OOP/ProjectOOP/src/Main.java</file>
            <file>file:/C:/Users/chai_/Google%20Drive/1_2559/OOP/ProjectOOP/src/Sale.java</file>
            <file>file:/C:/Users/chai_/Google%20Drive/1_2559/OOP/ProjectOOP/src/ConnectDB.java</file>
            <file>file:/C:/Users/chai_/Google%20Drive/1_2559/OOP/ProjectOOP/src/Products_list.java</file>
            <file>file:/C:/Users/chai_/Google%20Drive/1_2559/OOP/ProjectOOP/src/Products_Insert.java</file>
        </group>
    </open-files>
</project-private>
